optimus_0000|A necessary sacrifice to bring peace to this planet.
optimus_0001|And just when all hope seemed lost, message of a new discovery drew us to an unknown planet called Earth.
optimus_0002|And so began the war. A war that ravaged our planet until it was consumed by death, and the Cube was lost to the far reaches of space.
optimus_0003|Are you Samuel James Witwicky, descendant of Archibald Witwicky?
optimus_0004|Before time began, there was the Cube.
optimus_0005|Bumblebee is a brave soldier. This is what he would want.
optimus_0006|Easy iron-eyed.
optimus_0007|For a time we lived in harmony, but like all great power, some wanted it for good, others for evil.
optimus_0008|Freedom is the right of all sentient beings.
optimus_0009|Get out of the car
optimus_0010|He'll die in vain if we don't accomplish our mission.
optimus_0011|I am Optimus Prime.
optimus_0012|If all else fails, I will unite it with the spark in my chest.
optimus_0013|If I cannot defeat Megatron, you must push the cube into my chest. I will sacrifice myself to destroy it.
optimus_0014|It's you and me, Megatron!
optimus_0015|My name is Optimus Prime.
optimus_0016|from the planet Cybertron.
optimus_0017|Permission granted.
optimus_0018|Please, let this work.
optimus_0019|Sam, I owe you my life. We are in your debt.
optimus_0020|Taking the children was a bad move.
optimus_0021|That is how our race was born.
optimus_0022|The code on these glasses indicates the Allspark is 230 miles from here.
optimus_0023|The coordinates to the Cube's location on Earth were imprinted on his glasses.
optimus_0024|We are autonomous robotic organisms from the planet Cybertron.
optimus_0025|We are here looking for the Allspark, and we must find it before Megatron.
optimus_0026|We are taking the children.
optimus_0027|We know not where it comes from, only that it holds the power to create worlds and fill them with life.
optimus_0028|We scattered across the galaxy, hoping to find it and rebuild our home. Searching every star, every world.
optimus_0029|We've learned Earth's languages through the World Wide Web.
optimus_0030|You all know there's only one way to end this war. We must destroy the Cube.
optimus_0031|You don't seem afraid. Are you not surprised to see us?
